<ImportExportXml version="8.2.0002.2258" SolutionPackageVersion="8.2" languagecode="1033" generatedBy="CrmLive" xmlns:xsi="http://www.w3.org/2001/XMLSchema-instance">
  <SolutionManifest>
    <UniqueName>CRMDataObfuscation</UniqueName>
    <LocalizedNames>
      <LocalizedName description="CRM Data Obfuscation" languagecode="1033" />
    </LocalizedNames>
    <Descriptions />
    <Version>1.0.0.1</Version>
    <Managed>0</Managed>
    <Publisher>
      <UniqueName>microsoftdynamics365</UniqueName>
      <LocalizedNames>
        <LocalizedName description="Microsoft Dynamics" languagecode="1033" />
      </LocalizedNames>
      <Descriptions />
      <EMailAddress>fpssa@microsoft.com</EMailAddress>
      <SupportingWebsiteUrl>http://crm.dynamics.com</SupportingWebsiteUrl>
      <CustomizationPrefix>msdyn</CustomizationPrefix>
      <CustomizationOptionValuePrefix>19235</CustomizationOptionValuePrefix>
      <Addresses>
        <Address>
          <AddressNumber>1</AddressNumber>
          <AddressTypeCode>1</AddressTypeCode>
          <City>Redmond</City>
          <County xsi:nil="true"></County>
          <Country>US</Country>
          <Fax xsi:nil="true"></Fax>
          <FreightTermsCode xsi:nil="true"></FreightTermsCode>
          <ImportSequenceNumber xsi:nil="true"></ImportSequenceNumber>
          <Latitude xsi:nil="true"></Latitude>
          <Line1>One Microsoft Way</Line1>
          <Line2 xsi:nil="true"></Line2>
          <Line3 xsi:nil="true"></Line3>
          <Longitude xsi:nil="true"></Longitude>
          <Name xsi:nil="true"></Name>
          <PostalCode>98052</PostalCode>
          <PostOfficeBox xsi:nil="true"></PostOfficeBox>
          <PrimaryContactName xsi:nil="true"></PrimaryContactName>
          <ShippingMethodCode>1</ShippingMethodCode>
          <StateOrProvince>Washington</StateOrProvince>
          <Telephone1>1-800-Microsoft(642-7676)</Telephone1>
          <Telephone2 xsi:nil="true"></Telephone2>
          <Telephone3 xsi:nil="true"></Telephone3>
          <TimeZoneRuleVersionNumber xsi:nil="true"></TimeZoneRuleVersionNumber>
          <UPSZone xsi:nil="true"></UPSZone>
          <UTCOffset xsi:nil="true"></UTCOffset>
          <UTCConversionTimeZoneCode xsi:nil="true"></UTCConversionTimeZoneCode>
        </Address>
        <Address>
          <AddressNumber>2</AddressNumber>
          <AddressTypeCode>1</AddressTypeCode>
          <City xsi:nil="true"></City>
          <County xsi:nil="true"></County>
          <Country xsi:nil="true"></Country>
          <Fax xsi:nil="true"></Fax>
          <FreightTermsCode xsi:nil="true"></FreightTermsCode>
          <ImportSequenceNumber xsi:nil="true"></ImportSequenceNumber>
          <Latitude xsi:nil="true"></Latitude>
          <Line1 xsi:nil="true"></Line1>
          <Line2 xsi:nil="true"></Line2>
          <Line3 xsi:nil="true"></Line3>
          <Longitude xsi:nil="true"></Longitude>
          <Name xsi:nil="true"></Name>
          <PostalCode xsi:nil="true"></PostalCode>
          <PostOfficeBox xsi:nil="true"></PostOfficeBox>
          <PrimaryContactName xsi:nil="true"></PrimaryContactName>
          <ShippingMethodCode>1</ShippingMethodCode>
          <StateOrProvince xsi:nil="true"></StateOrProvince>
          <Telephone1 xsi:nil="true"></Telephone1>
          <Telephone2 xsi:nil="true"></Telephone2>
          <Telephone3 xsi:nil="true"></Telephone3>
          <TimeZoneRuleVersionNumber xsi:nil="true"></TimeZoneRuleVersionNumber>
          <UPSZone xsi:nil="true"></UPSZone>
          <UTCOffset xsi:nil="true"></UTCOffset>
          <UTCConversionTimeZoneCode xsi:nil="true"></UTCConversionTimeZoneCode>
        </Address>
      </Addresses>
    </Publisher>
    <RootComponents>
      <RootComponent type="1" schemaName="msdyn_obfuscation" behavior="0" />
      <RootComponent type="1" schemaName="msdyn_obfuscationagent" behavior="0" />
      <RootComponent type="1" schemaName="msdyn_obfuscationconfig" behavior="0" />
      <RootComponent type="1" schemaName="msdyn_obfuscationglossary" behavior="0" />
      <RootComponent type="1" schemaName="msdyn_obfuscationtag" behavior="0" />
      <RootComponent type="1" schemaName="msdyn_obprivilege" behavior="0" />
      <RootComponent type="60" id="{544931dc-6baa-4e6c-a450-3c4095228b57}" behavior="0" />
      <RootComponent type="60" id="{5cba66e2-7a7f-4e16-8f2c-734a4bccbc32}" behavior="0" />
      <RootComponent type="60" id="{7e726ff6-b376-485e-aec8-49912199985d}" behavior="0" />
      <RootComponent type="60" id="{b4512967-10eb-444c-a2af-7f1ff242a051}" behavior="0" />
      <RootComponent type="60" id="{b57ac1f5-e703-46c5-94df-33bc55ee5402}" behavior="0" />
      <RootComponent type="61" schemaName="msdyn_/scripts/adal.min.js" behavior="0" />
      <RootComponent type="61" schemaName="msdyn_/scripts/AppConfig.js" behavior="0" />
      <RootComponent type="61" schemaName="msdyn_/scripts/azure.storage.blob.js" behavior="0" />
      <RootComponent type="61" schemaName="msdyn_/scripts/azure.storage.common.js" behavior="0" />
      <RootComponent type="61" schemaName="msdyn_/scripts/azure.storage.table.js" behavior="0" />
      <RootComponent type="61" schemaName="msdyn_/scripts/jquery.3.3.1.min.js" behavior="0" />
      <RootComponent type="61" schemaName="msdyn_/scripts/jquery.blockUI.js" behavior="0" />
      <RootComponent type="61" schemaName="msdyn_/scripts/jquery.dataTables.min.css" behavior="0" />
      <RootComponent type="61" schemaName="msdyn_/scripts/jquery.dataTables.min.js" behavior="0" />
      <RootComponent type="61" schemaName="msdyn_/scripts/Obfuscation.js" behavior="0" />
      <RootComponent type="61" schemaName="msdyn_accesspolicies_keyvault.png" behavior="0" />
      <RootComponent type="61" schemaName="msdyn_apisrequiredpermission.png" behavior="0" />
      <RootComponent type="61" schemaName="msdyn_azurefunctionurl.png" behavior="0" />
      <RootComponent type="61" schemaName="msdyn_azurefunctionurlvaluepaste.png" behavior="0" />
      <RootComponent type="61" schemaName="msdyn_bootstrap.css" behavior="0" />
      <RootComponent type="61" schemaName="msdyn_copyazurefunctionurl.png" behavior="0" />
      <RootComponent type="61" schemaName="msdyn_correspondingwebapi.png" behavior="0" />
      <RootComponent type="61" schemaName="msdyn_cors.png" behavior="0" />
      <RootComponent type="61" schemaName="msdyn_corsintableserv.png" behavior="0" />
      <RootComponent type="61" schemaName="msdyn_corsrule.png" behavior="0" />
      <RootComponent type="61" schemaName="msdyn_corsrulesints.png" behavior="0" />
      <RootComponent type="61" schemaName="msdyn_generatedsastoken.png" behavior="0" />
      <RootComponent type="61" schemaName="msdyn_gprequiredpermissions.png" behavior="0" />
      <RootComponent type="61" schemaName="msdyn_grantpermissions.png" behavior="0" />
      <RootComponent type="61" schemaName="msdyn_images/delete.png" behavior="0" />
      <RootComponent type="61" schemaName="msdyn_images/down.png" behavior="0" />
      <RootComponent type="61" schemaName="msdyn_images/left.png" behavior="0" />
      <RootComponent type="61" schemaName="msdyn_images/right.png" behavior="0" />
      <RootComponent type="61" schemaName="msdyn_images/up.png" behavior="0" />
      <RootComponent type="61" schemaName="msdyn_jquery.dataTables.min.css" behavior="0" />
      <RootComponent type="61" schemaName="msdyn_jqueryui.css" behavior="0" />
      <RootComponent type="61" schemaName="msdyn_keyvault.png" behavior="0" />
      <RootComponent type="61" schemaName="msdyn_keyvaultaccesspolicy.png" behavior="0" />
      <RootComponent type="61" schemaName="msdyn_keyvaultsecrets.png" behavior="0" />
      <RootComponent type="61" schemaName="msdyn_keyvaultsecretssastoken.png" behavior="0" />
      <RootComponent type="61" schemaName="msdyn_keyvaultsecurityprinciple.png" behavior="0" />
      <RootComponent type="61" schemaName="msdyn_manifestsettings.png" behavior="0" />
      <RootComponent type="61" schemaName="msdyn_nativeApp_manifest.png" behavior="0" />
      <RootComponent type="61" schemaName="msdyn_nativeApp_oauth2AllowImplicitFlow_true.png" behavior="0" />
      <RootComponent type="61" schemaName="msdyn_oauth2allowImplicitflow.png" behavior="0" />
      <RootComponent type="61" schemaName="msdyn_ObfuscationAdmin" behavior="0" />
      <RootComponent type="61" schemaName="msdyn_obfuscationsetup.html" behavior="0" />
      <RootComponent type="61" schemaName="msdyn_reobfuscate" behavior="0" />
      <RootComponent type="61" schemaName="msdyn_replyurls.png" behavior="0" />
      <RootComponent type="61" schemaName="msdyn_sastoken.png" behavior="0" />
      <RootComponent type="61" schemaName="msdyn_savechanges_keyvault.png" behavior="0" />
      <RootComponent type="61" schemaName="msdyn_secretpermissions_keyvault.png" behavior="0" />
      <RootComponent type="61" schemaName="msdyn_selectuser_keyvault.png" behavior="0" />
      <RootComponent type="61" schemaName="msdyn_setpermissions.png" behavior="0" />
      <RootComponent type="61" schemaName="msdyn_settings.png" behavior="0" />
      <RootComponent type="61" schemaName="msdyn_setup.png" behavior="0" />
      <RootComponent type="61" schemaName="msdyn_setup1.png" behavior="0" />
      <RootComponent type="61" schemaName="msdyn_setup2.png" behavior="0" />
      <RootComponent type="61" schemaName="msdyn_setup3.png" behavior="0" />
      <RootComponent type="61" schemaName="msdyn_tables.png" behavior="0" />
      <RootComponent type="61" schemaName="msdyn_tablesrules.png" behavior="0" />
      <RootComponent type="62" schemaName="msdyn_CRMDataObfuscation" behavior="0" />
      <RootComponent type="80" schemaName="msdyn_CRMDataObfuscation" behavior="0" />
    </RootComponents>
    <MissingDependencies>
      <MissingDependency>
        <Required key="0" type="61" schemaName="msdyn_/Images/AppModule_Default_Icon.png" displayName="msdyn_/Images/AppModule_Default_Icon.png" solution="AppModuleWebResources (2.0)" />
        <Dependent key="1" type="80" schemaName="msdyn_CRMDataObfuscation" displayName="CRM Data Obfuscation" />
      </MissingDependency>
    </MissingDependencies>
  </SolutionManifest>
</ImportExportXml>